<?xml version="1.0" encoding="UTF-8" ?><XMLDB PATH="enrol/els_paypalcheckout/db" VERSION="20180625" COMMENT="XMLDB file for Moodle enrol/paypal"    xmlns:xsi="http://www.w3.org/2001/XMLSchema-instance"    xsi:noNamespaceSchemaLocation="../../../lib/xmldb/xmldb.xsd">  <TABLES>    <TABLE NAME="enrol_els_paypalcheckout" COMMENT="Holds all known information about PayPal transactions">      <FIELDS>        <FIELD NAME="id" TYPE="int" LENGTH="10" NOTNULL="true" SEQUENCE="true"/>        <FIELD NAME="business" TYPE="char" LENGTH="255" NOTNULL="true" SEQUENCE="false"/>        <FIELD NAME="receiver_email" TYPE="char" LENGTH="255" NOTNULL="true" SEQUENCE="false"/>        <FIELD NAME="receiver_id" TYPE="char" LENGTH="255" NOTNULL="true" SEQUENCE="false"/>        <FIELD NAME="item_name" TYPE="char" LENGTH="255" NOTNULL="true" SEQUENCE="false"/>        <FIELD NAME="courseid" TYPE="int" LENGTH="10" NOTNULL="true" DEFAULT="0" SEQUENCE="false"/>        <FIELD NAME="userid" TYPE="int" LENGTH="10" NOTNULL="true" DEFAULT="0" SEQUENCE="false"/>        <FIELD NAME="instanceid" TYPE="int" LENGTH="10" NOTNULL="true" DEFAULT="0" SEQUENCE="false"/>        <FIELD NAME="memo" TYPE="char" LENGTH="255" NOTNULL="true" SEQUENCE="false"/>        <FIELD NAME="tax" TYPE="char" LENGTH="255" NOTNULL="true" SEQUENCE="false"/>        <FIELD NAME="option_name1" TYPE="char" LENGTH="255" NOTNULL="true" SEQUENCE="false"/>        <FIELD NAME="option_selection1_x" TYPE="char" LENGTH="255" NOTNULL="true" SEQUENCE="false"/>        <FIELD NAME="option_name2" TYPE="char" LENGTH="255" NOTNULL="true" SEQUENCE="false"/>        <FIELD NAME="option_selection2_x" TYPE="char" LENGTH="255" NOTNULL="true" SEQUENCE="false"/>        <FIELD NAME="payment_status" TYPE="char" LENGTH="255" NOTNULL="true" SEQUENCE="false"/>        <FIELD NAME="pending_reason" TYPE="char" LENGTH="255" NOTNULL="true" SEQUENCE="false"/>        <FIELD NAME="reason_code" TYPE="char" LENGTH="30" NOTNULL="true" SEQUENCE="false"/>        <FIELD NAME="txn_id" TYPE="char" LENGTH="255" NOTNULL="true" SEQUENCE="false"/>        <FIELD NAME="parent_txn_id" TYPE="char" LENGTH="255" NOTNULL="true" SEQUENCE="false"/>        <FIELD NAME="payment_type" TYPE="char" LENGTH="30" NOTNULL="true" SEQUENCE="false"/>        <FIELD NAME="timeupdated" TYPE="int" LENGTH="10" NOTNULL="true" DEFAULT="0" SEQUENCE="false"/>        <FIELD NAME="discount_code" TYPE="char" LENGTH="255" NOTNULL="true" SEQUENCE="false"/>        <FIELD NAME="discount_code_amount" TYPE="char" LENGTH="255" NOTNULL="true" SEQUENCE="false"/>        <FIELD NAME="discount_type" TYPE="char" LENGTH="255" NOTNULL="true" SEQUENCE="false"/>      </FIELDS>      <KEYS>        <KEY NAME="primary" TYPE="primary" FIELDS="id"/>        <KEY NAME="courseid" TYPE="foreign" FIELDS="courseid" REFTABLE="course" REFFIELDS="id"/>        <KEY NAME="userid" TYPE="foreign" FIELDS="userid" REFTABLE="user" REFFIELDS="id"/>        <KEY NAME="instanceid" TYPE="foreign" FIELDS="instanceid" REFTABLE="enrol" REFFIELDS="id"/>      </KEYS>      <INDEXES>        <INDEX NAME="business" UNIQUE="false" FIELDS="business"/>        <INDEX NAME="receiver_email" UNIQUE="false" FIELDS="receiver_email"/>      </INDEXES>    </TABLE>    <TABLE NAME="els_paypalcheckout_orders" COMMENT="Holds all known information about PayPal transactions s">      <FIELDS>        <FIELD NAME="id" TYPE="int" LENGTH="10" NOTNULL="true" SEQUENCE="true"/>             <FIELD NAME="item_number" TYPE="int" LENGTH="10" NOTNULL="true" SEQUENCE="false"/>        <FIELD NAME="item_name" TYPE="char" LENGTH="255" NOTNULL="true" SEQUENCE="false"/>        <FIELD NAME="item_price" TYPE="int" LENGTH="10" NOTNULL="true" DEFAULT="0" SEQUENCE="false"/>        <FIELD NAME="buyer_name" TYPE="char" LENGTH="255" NOTNULL="true" DEFAULT="0" SEQUENCE="false"/>        <FIELD NAME="user_id" TYPE="int" LENGTH="10" NOTNULL="true" DEFAULT="0" SEQUENCE="false"/>        <FIELD NAME="txn_id" TYPE="char" LENGTH="255" NOTNULL="true" SEQUENCE="false"/>        <FIELD NAME="paid_amount" TYPE="int" LENGTH="10" NOTNULL="true" SEQUENCE="false"/>        <FIELD NAME="paid_amount_currency" TYPE="char" LENGTH="255" NOTNULL="true" SEQUENCE="false"/>        <FIELD NAME="payment_status" TYPE="char" LENGTH="255" NOTNULL="true" SEQUENCE="false"/>        <FIELD NAME="created" TYPE="char" LENGTH="255" NOTNULL="true" SEQUENCE="false"/>        <FIELD NAME="modified" TYPE="char" LENGTH="255" NOTNULL="true" SEQUENCE="false"/>        <FIELD NAME="discount_code" TYPE="char" LENGTH="255" NOTNULL="true" SEQUENCE="false"/>        <FIELD NAME="discount_code_amount" TYPE="char" LENGTH="255" NOTNULL="true" SEQUENCE="false"/>        <FIELD NAME="discount_type" TYPE="char" LENGTH="255" NOTNULL="true" SEQUENCE="false"/>      </FIELDS>      <KEYS>        <KEY NAME="primary" TYPE="primary" FIELDS="id"/>      </KEYS>       </TABLE>    <TABLE NAME="paypalcheckout_discount_code" COMMENT="Holds all known information about coupon code transactions">      <FIELDS>        <FIELD NAME="id" TYPE="int" LENGTH="10" NOTNULL="true"  SEQUENCE="true"/>        <FIELD NAME="description" TYPE="text" LENGTH="255" NOTNULL="true"  SEQUENCE="false"/>        <FIELD NAME="couponcode" TYPE="char" LENGTH="255" NOTNULL="true" DEFAULT="0" SEQUENCE="false"/>        <FIELD NAME="discount_type" TYPE="char" LENGTH="255" NOTNULL="true" DEFAULT="fixed" SEQUENCE="false"/>        <FIELD NAME="coupon_currency" TYPE="char" LENGTH="255" NOTNULL="true" DEFAULT="0" SEQUENCE="false"/>        <FIELD NAME="discount_value" TYPE="int" LENGTH="10" NOTNULL="true"  SEQUENCE="false"/>        <FIELD NAME="coupon_type" TYPE="char" LENGTH="255" NOTNULL="true"  SEQUENCE="false"/>        <FIELD NAME="multiple_course" TYPE="char" LENGTH="255" NOTNULL="true" DEFAULT="fixed" SEQUENCE="false"/>        <FIELD NAME="date_from" TYPE="int" LENGTH="10" NOTNULL="true"  SEQUENCE="false"/>        <FIELD NAME="date_to" TYPE="int" LENGTH="10" NOTNULL="true"   SEQUENCE="false"/>        <FIELD NAME="term_condition" TYPE="text" LENGTH="255" NOTNULL="true"  SEQUENCE="false"/>        <FIELD NAME="amount" TYPE="int" LENGTH="10" NOTNULL="true"  SEQUENCE="false"/>        <FIELD NAME="deleted" TYPE="int" LENGTH="1" NOTNULL="false" SEQUENCE="false" DEFAULT="0"/>      </FIELDS>      <KEYS><KEY NAME="primary" TYPE="primary" FIELDS="id"/></KEYS>      </TABLE>  </TABLES></XMLDB>